{
    "accountdetails": {
        "accountnum": "00000000009",
        "name": "Techtutsindia",
        "ifsc": "0000001",
        "customerid": "12345",
        "address": {
            "city": "Manhattan ",
            "postalcode": "000000",
            "housenumber": "001",
            "street": "Wall Street",
            "state": "New York",
            "country": "USA"
        }
    },
    "Transactiondetails": [
        {   
            "dateandtime": "26-10-2021 3:20",
            "amount": "10000",
            "invoicenumber": "023523869235",
            "cardtype": "debit card",
            "cardnumber": "0000000000001",
            "cardcompany": "master card",
            "assignmentdate": "assigned on 23 Aug 2017",
            "state": true
        },
        {
            "dateandtime": "26-12-2021 21:31",
            "amount": "3000",
            "invoicenumber": "805720852817",
            "cardtype": "credit card",
            "cardnumber": "0000000000001",
            "cardcompany": "master card",
            "assignmentdate": "assigned on 20 Oct 2020",
            "state": false
        },
        {
            "dateandtime": "12-01-2022 11:12",
            "amount": "1100",
            "invoicenumber": "472947104862",
            "cardtype": "debit card",
            "cardnumber": "0000000000001",
            "cardcompany": "master card",
            "assignmentdate": "assigned on 23 Aug 2017",
            "state": false
        },
        {
            "dateandtime": "1-04-2022 22:41",
            "amount": "300",
            "invoicenumber": "738291564825",
            "cardtype": "debit card",
            "cardnumber": "0000000000001",
            "cardcompany": "master card",
            "assignmentdate": "assigned on 23 Aug 2017",
            "state": true
        }
    ],
    "carddetails": [
        {
            "cardtype": "debit card",
            "cardnumber": "0000000000001",
            "cardcompany": "master card",
            "assignmentdate": "assigned on 23 Aug 2017",
            "state": true
        },
        {
            "cardtype": "credit card",
            "cardnumber": "0000000000001",
            "cardcompany": "master card",
            "assignmentdate": "assigned on 20 Oct 2020",
            "state": false
        },
        {
            "cardtype": "debit card",
            "cardnumber": "0000000000001",
            "cardcompany": "master card",
            "assignmentdate": "assigned on 23 Aug 2017",
            "state": true
        }
    ],
    "housespending": 65000.0,
    "emi": 21500.0,
    "entertainment": 41500.0,
    "empsalary": 100000
}